Category,Subcategory,Resource Name,File Path,File Type,Last Modified,Status,Relevance Score,Accuracy Score,Clarity Score,Comprehensiveness Score,Engagement Score,Overall Quality Score,Notes
Welcome,Introduction,Welcome Message,01_Welcome_Message,Directory,2024-12-26,Reviewed,4,5,5,4,4,4.4,Strong initial resource with minor improvement opportunities
Library Purpose,Overview,Purpose of Library,02_Purpose_of_Library,Directory,2024-12-26,Reviewed,5,4,5,4,4,4.4,Comprehensive purpose statement with clear objectives
Navigation,Guide,Navigation Guide,03_Navigation_Guide,Directory,2024-12-26,Reviewed,4,4,5,4,4,4.2,Clear navigation instructions with room for interactive enhancements
Tutorials,Quick Start,Quick Start Guides,04_Quick_Start_Guides,Directory,2024-12-26,Reviewed,5,4,5,5,4,4.6,Exceptional collection of practical and comprehensive guides
AI Assistance,Tutorials,AI Assistant Tutorials,05_AI_Assistant_Tutorials,Directory,2024-12-26,Reviewed,5,5,5,5,4,4.8,Exceptional AI tutorial collection with cutting-edge insights
Marketing,Email,Email Marketing,06_Email_Marketing,Directory,2024-12-26,Reviewed,4,4,5,4,4,4.2,Comprehensive email marketing resources with clear, actionable templates
Marketing,Social Media,Social Media,07_Social_Media,Directory,2024-12-26,Reviewed,4,4,5,4,4,4.2,Comprehensive social media resources with clear content planning guidance
SEO,Checklists,SEO Checklists,08_SEO_Checklists,Directory,2024-12-26,Reviewed,4,4,5,4,4,4.2,Comprehensive SEO optimization resources with clear, actionable guidelines
Productivity,Automation,Workflow Automation,09_Workflow_Automation,Directory,2024-12-26,Reviewed,5,5,5,5,4,4.8,Exceptional workflow automation resources with robust Python implementations
Content,Templates,Blog Templates,10_Blog_Templates,Directory,2024-12-26,Reviewed,4,4,5,4,4,4.2,Comprehensive blog template resources with clear content creation guidance
Content,Scripts,Video Scripts,11_Video_Scripts,Directory,2024-12-26,Reviewed,4,4,5,4,4,4.2,Comprehensive video script resources with clear content creation guidance
Design,Graphic,Graphic Design,12_Graphic_Design,Directory,2024-12-26,Reviewed,4,4,5,4,4,4.2,Comprehensive graphic design resources with clear content creation guidance
Learning,Courses,Online Courses,13_Online_Courses,Directory,2024-12-26,Reviewed,4,4,5,4,4,4.2,Comprehensive online course resources with clear learning path guidance
Content,Summaries,Ebook Summaries,14_Ebook_Summaries,Directory,2024-12-26,Reviewed,4,4,5,4,4,4.2,Comprehensive ebook summary resources with clear knowledge distillation guidance
Professional,Templates,Professional Templates,15_Professional_Templates,Directory,2024-12-26,Reviewed,4,4,5,4,4,4.2,Comprehensive professional template resources with clear communication strategy guidance
Content,Summaries,Whitepaper Summaries,16_Whitepaper_Summaries,Directory,2024-12-26,Reviewed,3,3,4,3,3,3.2,Foundational whitepaper summary resources requiring substantial content development
AI,Tutorials,AI Tutorials,17_AI_Tutorials,Directory,2024-12-26,Reviewed,4,4,5,4,4,4.2,Comprehensive AI tutorial resources with clear machine learning implementation guidance
AI,Case Studies,AI Case Studies,18_AI_Case_Studies,Directory,2024-12-26,Reviewed,3,3,4,3,3,3.2,Foundational AI case study resources requiring substantial content development
Marketing,Digital,Digital Marketing,19_Digital_Marketing,Directory,2024-12-26,Reviewed,4,4,5,4,4,4.2,Comprehensive digital marketing resources with clear strategic planning guidance
Business,Success Stories,Success Stories,20_Success_Stories,Directory,2024-12-26,Reviewed,3,3,4,3,3,3.2,Foundational success story resources requiring substantial content development
Business,Planning,Business Plans,21_Business_Plans,Directory,2024-12-26,Reviewed,4,4,5,4,4,4.2,Comprehensive business planning resources with clear strategic implementation guidance
Professional,Networking,Networking Tips,22_Networking_Tips,Directory,2024-12-26,Reviewed,4,4,5,4,4,4.2,Comprehensive networking strategy resources with clear professional development guidance
Community,Forum,Discussion Forum,23_Discussion_Forum,Directory,2024-12-26,Reviewed,3,3,4,3,3,3.2,Foundational discussion forum resources requiring substantial content development
Community,Guidelines,AMA Guidelines,24_AMA_Guidelines,Directory,2024-12-26,Reviewed,2,2,3,2,2,2.2,Foundational AMA guidelines resources requiring comprehensive reconstruction
Professional,Interviews,Interview Frameworks,25_Interview_Frameworks,Directory,2024-12-26,Reviewed,2,2,3,2,2,2.2,Foundational interview framework resources requiring comprehensive reconstruction
Updates,Monthly,Monthly Updates,26_Monthly_Updates,Directory,2024-12-26,Reviewed,3,3,4,3,3,3.2,Foundational monthly update resources requiring substantial content development
Content,Drafts,Newsletter Drafts,27_Newsletter_Drafts,Directory,2024-12-26,Reviewed,3,3,4,3,3,3.2,Foundational newsletter draft resources requiring substantial content development
Feedback,Forms,Feedback Forms,28_Feedback_Forms,Directory,2024-12-26,Reviewed,4,4,5,4,4,4.2,Comprehensive feedback collection and analysis resources with robust methodological approach
Examples,Real Life,Real Life Examples,29_Real_Life_Examples,Directory,2024-12-26,Reviewed,3,3,4,3,3,3.2,Foundational real-life example resources requiring substantial content development
Metrics,Performance,Success Metrics,30_Success_Metrics,Directory,2024-12-26,Reviewed,4,4,5,4,4,4.2,Comprehensive performance metrics resources with robust analytical capabilities
AI,Toolkit,Prompt Toolkit,31_Prompt_Toolkit,Directory,2024-12-26,Reviewed,3,3,4,3,3,3.2,Foundational prompt toolkit resources requiring substantial content development
Tools,Free,Free Tools,32_Free_Tools,Directory,2024-12-26,Reviewed,3,3,4,3,3,3.2,Foundational free tools resources requiring substantial content development
Business,Templates,Offer Templates,33_Offer_Templates,Directory,2024-12-26,Reviewed,3,3,4,3,3,3.2,Foundational offer templates resources requiring substantial content development
Closing,Remarks,Final Words,34_Final_Words,Directory,2024-12-26,Reviewed,2,2,3,2,2,2.2,Foundational final words resources requiring comprehensive reconstruction
Work,Remote,Remote Work,35_Remote_Work,Directory,2024-12-26,Reviewed,4,4,5,4,4,4.2,Comprehensive remote work resources with robust implementation strategies
Personal,Development,Personal Development,36_Personal_Development,Directory,2024-12-26,Reviewed,4,4,5,4,4,4.2,Comprehensive personal development resources with robust growth strategies
Project,Management,Project Management,37_Project_Management,Directory,2024-12-26,Reviewed,4,4,5,4,4,4.2,Comprehensive project management resources with robust strategic implementation
Time,Management,Time Management,38_Time_Management,Directory,2024-12-26,Reviewed,4,4,5,4,4,4.2,Comprehensive time management resources with robust productivity strategies
Professional,Leadership,Leadership Skills,39_Leadership_Skills,Directory,2024-12-26,Reviewed,4,4,5,4,4,4.2,Comprehensive leadership skill resources with robust professional development strategies
Feedback,Additional,Additional Feedback Forms,40_Feedback_Forms,Directory,2024-12-26,Reviewed,4,4,5,4,4,4.2,Comprehensive additional feedback form resources with robust collection strategies
Career,Preparation,Interview Prep,41_Interview_Prep,Directory,2024-12-26,Reviewed,4,4,5,4,4,4.2,Comprehensive interview preparation resources with robust career development strategies
Software,Development,Code Review,42_Code_Review,Directory,2024-12-26,Reviewed,3,3,4,3,3,3.2,Foundational code review resources requiring substantial content development
Software,Design,System Design,43_System_Design,Directory,2024-12-26,Reviewed,3,3,4,3,3,3.2,Foundational system design resources requiring substantial content development
Documentation,Guidelines,Documentation,44_Documentation,Directory,2024-12-26,Reviewed,3,3,4,3,3,3.2,Foundational documentation resources requiring substantial content development
Best Practices,Development,Best Practices,45_Best_Practices,Directory,2024-12-26,Reviewed,2,2,3,2,2,2.2,Foundational best practices resources requiring comprehensive reconstruction
